name,tCO2
Landsberger Allee,958
Adlergestell,921.09
Berliner Straße,817.55
Hauptstraße,685.6
Potsdamer Chaussee,652.9
Märkische Allee,641.82
Heerstraße,580.06
AVUS,540.78
Havelchaussee,540.66
Sonnenallee,470
Köpenicker Straße,462.98
Blumberger Damm,454.92
Nördlicher Berliner Ring,437.49
Clayallee,437.05
Allee der Kosmonauten,429.81
Frankfurter Allee,416.52
Königstraße,398.57
Hohenzollerndamm,391.8
An der Wuhlheide,385.31
Mariendorfer Damm,378.77
Fürstenwalder Damm,374.55
Rhinstraße,367.56
Saatwinkler Damm,363.88
Brunsbütteler Damm,355.19
Johannisthaler Chaussee,350.75
Kurfürstendamm,346.91
Spandauer Damm,346.83
Bernauer Straße,333.79
Müllerstraße,327.94
Oranienburger Straße,326.37
Bundesallee,326.11
Alt-Friedrichsfelde,316.33
Tunnel Tiergarten Spreebogen,314.26
Straße des 17. Juni,312.37
Seestraße,305.66
Falkenseer Chaussee,303.99
Argentinische Allee,303.47
Schönwalder Allee,300.99
Tempelhofer Damm,300.66
Müggelheimer Damm,296.21
Wilhelmstraße,289.91
Hellersdorfer Straße,287.52
Kurt-Schumacher-Damm,279.37
Lichtenrader Damm,278.62
Schönhauser Allee,274.58
Danziger Straße,272.76
Prenzlauer Allee,272.36
Am Seegraben,272.28
Buckower Damm,270.3
Treskowallee,270.3
Fritz-Erler-Allee,269.99
Bahnhofstraße,267.03
Blankenfelder Chaussee,266.34
Mühlenstraße,260.2
Greifswalder Straße,254.5
Schloßstraße,254.32
Daumstraße,253.62
Kantstraße,253.58
Nonnendammallee,251.31
Bismarckstraße,249.55
Potsdamer Straße,248.58
Groß-Berliner Damm,248.23
Hermsdorfer Damm,247.52
Hansastraße,242.61
Heiligenseestraße,241.15
Waidmannsluster Damm,238.67
Rudower Straße,237.91
Prenzlauer Promenade,233.46
Köpenicker Landstraße,233.37
Kiefholzstraße,229.95
Alt-Biesdorf,229.12
Zossener Straße,228.87
Karl-Marx-Allee,226.18
Storkower Straße,224.86
Müggelseedamm,222.97
Falkenberger Chaussee,222.41
Berliner Allee,222.05
Schönerlinder Straße,214.46
Alt-Moabit,208.79
Kladower Damm,208.62
Gatower Straße,204.6
Karl-Marx-Straße,204.35
Fürstenwalder Allee,204.08
Hindenburgdamm,202.94
Rixdorfer Straße,201.51
Hildburghauser Straße,198.49
Scharnweberstraße,197.87
Brunnenstraße,197.7
Reichsstraße,196.31
Ostpreußendamm,194.42
Schnellerstraße,192.87
Charlottenburger Chaussee,192.05
Spindlersfelder Straße,190.46
Skalitzer Straße,187.67
Am Juliusturm,186.92
Sterndamm,186.09
Hobrechtsfelder Chaussee,185.65
Reinickendorfer Straße,185.56
Kastanienallee,183.25
Kronprinzessinnenweg,183.08
Koenigsallee,182.45
Mahlsdorfer Straße,182.06
Thielallee,181.77
Residenzstraße,180.36
Marienfelder Allee,180.03
Urbanstraße,179.24
Marienfelder Chaussee,178.41
Neuköllner Straße,177.44
Onkel-Tom-Straße,177.05
Breite Straße,176.4
Kniprodestraße,175.64
Unter den Eichen,175.43
Hermannstraße,175.21
Waltersdorfer Chaussee,174.97
Grunewaldstraße,174.79
Am Nordgraben,174.54
Gradestraße,174.1
Wernsdorfer Straße,173.92
Martin-Luther-Straße,173.46
Südwestkorso,172.86
Wilhelmsruher Damm,172.64
Lietzenburger Straße,171.17
Mecklenburgische Straße,170.8
Lindenstraße,169.71
Alt-Mahlsdorf,169.55
Osloer Straße,168.05
Oberspreestraße,167.87
Malteserstraße,167.38
Schönhauser Straße,166.55
Lindauer Allee,166.18
Stubenrauchstraße,166.07
Riesaer Straße,165.85
Ruppiner Chaussee,165.79
Hüttenweg,165.34
Invalidenstraße,164.94
Am Tierpark,164.52
Hultschiner Damm,161.81
Grenzallee,160.87
Cecilienstraße,159.88
Steglitzer Damm,158.94
Teltower Damm,158.39
Buschkrugallee,158.07
Otto-Suhr-Allee,157.92
Brandenburgische Straße,156.64
Goerzallee,154.86
Gosener Landstraße,153.63
Hönower Straße,153.52
Rudower Chaussee,152.77
Südostallee,152.34
Ritterfelddamm,152.31
Podbielskiallee,151.25
Rosenthaler Weg,150.78
Holzhauser Straße,150.2
Wegedornstraße,149.93
Dahlemer Weg,148.58
Osdorfer Straße,148.55
Buchholzer Straße,147.76
Seegefelder Weg,146.45
Dietzgenstraße,145.84
Afrikanische Straße,145.8
Bucher Straße,145.41
Lipschitzallee,145.24
Bornholmer Straße,145
Hohenschönhauser Straße,144.99
Schöneicher Landstraße,143.27
Wartenberger Straße,143.2
Kaiserdamm,142.86
Neumannstraße,142.67
Aroser Allee,142
Sachsendamm,141.42
Niederneuendorfer Allee,140.86
Attilastraße,140.84
Heckerdamm,140.82
Columbiadamm,140.54
Boelckestraße,139.53
Kaiser-Wilhelm-Straße,139.45
Möllendorffstraße,138.8
Tempelhofer Weg,138.78
Siemensdamm,138.66
Torstraße,138.03
Dahlwitzer Landstraße,137.63
Königsheideweg,137.6
Mehringdamm,137.12
Bitterfelder Straße,136.76
Mehrower Allee,136.68
Dorfstraße,136.16
Raoul-Wallenberg-Straße,135.62
Ollenhauerstraße,135.22
Zeppelinstraße,134.59
Ruhlebener Straße,134.48
Kaulsdorfer Straße,133.93
Buschallee,133.48
Alexanderstraße,133.32
Oranienburger Chaussee,133
Friedrichstraße,132.48
Chausseestraße,131.86
Kurfürstenstraße,131.63
Grünauer Straße,131.05
Stresemannstraße,130.96
Rummelsburger Straße,130.49
Turmstraße,129.88
Alt-Kaulsdorf,129.79
Friedenstraße,129.45
Neuendorfer Straße,129.16
Ringstraße,129.05
Tegeler Weg,128.91
Uhlandstraße,127.91
Müggelheimer Straße,127.61
Gneisenaustraße,127.58
Grazer Damm,127.41
Pasewalker Straße,126.94
Kaiser-Friedrich-Straße,126.22
Pankstraße,126.1
Seegefelder Straße,126.08
Roedernallee,125.93
Friedrich-Engels-Straße,125.88
Zabel-Krüger-Damm,125.68
Indira-Gandhi-Straße,125.48
Germanenstraße,125.38
Weißenseer Weg,125.33
Roelckestraße,125.3
Pacelliallee,125.14
Gorkistraße,124.26
Albrechtstraße,123.88
Blankenburger Straße,123.57
Ernst-Ruska-Ufer,122.52
Kölner Damm,122.04
Yorckstraße,121.78
Gartenfelder Straße,121.3
Darßer Straße,120.73
Spanische Allee,120.28
Radelandstraße,120.02
Manteuffelstraße,119.92
Schulstraße,119.78
Oberfeldstraße,119.57
Königin-Luise-Straße,119.18
Warschauer Straße,118.61
Rummelsburger Landstraße,118.5
Ostseestraße,117.93
Messedamm,117.77
Eichborndamm,117.6
Konrad-Wolf-Straße,116.65
Nahmitzer Damm,116.3
Chemnitzer Straße,115.96
Oranienstraße,115.55
Drakestraße,114.62
Streitstraße,114.6
Halenseestraße,114.12
Triftstraße,113.66
Eisenacher Straße,113.4
Sewanstraße,112.93
Gitschiner Straße,112.44
Schönefelder Chaussee,112.42
Britzer Damm,112.15
Gottlieb-Dunkel-Straße,112.12
Puschkinallee,112.02
Siemensstraße,111.84
Elsenstraße,111.67
Rohrdamm,111.56
Magistratsweg,111.48
Wichertstraße,110.35
Blankenburger Pflasterweg,110.32
Lindenthaler Allee,109.77
Salvador-Allende-Straße,109.76
Petersburger Straße,109.69
Sandhauser Straße,109.5
Wuhletalstraße,109.07
Köpenicker Chaussee,108.44
Holländerstraße,108.39
Hermann-Hesse-Straße,108.35
Sakrower Landstraße,108.1
Freiheit,108.09
Unter den Linden,108.06
Wiltbergstraße,108
Hasenheide,107.57
Fischerhüttenstraße,107.37
Bülowstraße,107.23
Budapester Straße,106.22
Reginhardstraße,105.07
Ullsteinstraße,103.8
Altentreptower Straße,102.98
Stendaler Straße,102.52
Tino-Schwierzina-Straße,102.52
Seehofstraße,102.5
Pistoriusstraße,102.37
Schönerlinder Chaussee,102.2
Holzmarktstraße,101.25
Munsterdamm,101.12
Rudolf-Rühl-Allee,100.96
Alt-Wittenau,100.63
Kirchhainer Damm,99.97
Konstanzer Straße,99.72
Heidestraße,99.07
Manfred-von-Richthofen-Straße,98.92
Sundgauer Straße,98.79
Ortolfstraße,98.72
Gustav-Adolf-Straße,98.6
Leibnizstraße,97.04
Waßmannsdorfer Chaussee,96.74
Hohenstaufenstraße,96.72
Hubertusallee,96.37
Wiesbadener Straße,96.25
Suermondtstraße,96.17
Badstraße,96.11
Wisbyer Straße,96.04
Stralauer Allee,96.03
Rheinstraße,95.85
Pionierstraße,95.82
Transvaalstraße,95.74
Glienicker Weg,95.48
Wexstraße,94.82
Waltersdorfer Straße,93.97
Kottbusser Damm,93.67
Neue Kantstraße,93.58
Blücherstraße,93.44
Odernheimer Straße,93.41
Am Falkenberg,92.8
Neue Krugallee,92.7
Karl-Liebknecht-Straße,92.6
Michael-Brückner-Straße,92.57
Grellstraße,92.23
Konradshöher Straße,92.15
Boxhagener Straße,91.84
Groß-Ziethener Chaussee,91.72
Mohriner Allee,91.52
Rubensstraße,91.34
Buntzelstraße,91.27
Schönwalder Straße,90.86
Perleberger Straße,90.8
Blaschkoallee,90.46
Siegfriedstraße,90.35
Platz der Vereinten Nationen,90.11
Thorwaldsenstraße,90.04
Seidelstraße,89.87
Pölnitzweg,89.86
Gotthardstraße,89.36
Landsberger Straße,89.27
Detmolder Straße,88.96
Ebertstraße,88.68
Pichelsdorfer Straße,88.68
Michelangelostraße,88.06
Hennigsdorfer Straße,87.4
Am Postfenn,87.36
Rote Chaussee,87.16
Motzener Straße,87.03
Klingsorstraße,86.65
Lichtenberger Straße,86.32
Jafféstraße,85.97
Königsberger Straße,85.72
Grabbeallee,85.55
Rheinbabenallee,85.07
Machnower Straße,84.97
Finsterwalder Straße,84.89
Säntisstraße,84.86
Stromstraße,84.14
Malchower Weg,84.09
Gülzower Straße,84.04
Sigismundkorso,83.95
Schöneberger Straße,83.86
Hardenbergstraße,83.7
Töpchiner Weg,83.65
Tauernallee,83.34
Ziekowstraße,83.04
Friedrich-Olbricht-Damm,82.95
Finckensteinallee,82.76
Mönchmühler Straße,82.34
Karolinenstraße,82.31
Neudecker Weg,81.95
Otto-Braun-Straße,81.39
Langhansstraße,81.21
Preußenallee,81.13
Westfälische Straße,81.03
Buckower Chaussee,80.89
Wilhelminenhofstraße,80.46
Wilhelmsmühlenweg,80.24
Tiergartenstraße,80.05
Friederikestraße,80.03
Luxemburger Straße,79.92
Behmstraße,79.91
Am Treptower Park,79.79
Quarzweg,79.69
Beusselstraße,79.37
Englerallee,79.37
Kanalstraße,79.36
Ahrensfelder Chaussee,79.31
Prellerweg,79.18
Schildhornstraße,78.42
Heinrich-Grüber-Straße,78.41
Oberlandstraße,78.36
Wittenauer Straße,78.32
Eisenhutweg,77.99
Louis-Lewin-Straße,77.94
Marzahner Chaussee,77.91
Provinzstraße,77.91
Barnetstraße,77.89
Baumschulenstraße,77.87
Mollstraße,77.09
Britzer Straße,76.67
Joachim-Tiburtius-Brücke,76.5
Alboinstraße,76.34
Lewishamstraße,76.17
Birkbuschstraße,76.09
Kissingenstraße,75.94
Waldowallee,75.65
Ridbacher Straße,75.41
Emmentaler Straße,74.88
Stadtrandstraße,74.88
Alte Hellersdorfer Straße,74.82
Leipziger Straße,74.82
Segelfliegerdamm,74.59
Wittestraße,74.53
Kaiserin-Augusta-Allee,74.36
Blockdammweg,74.11
Paulsborner Straße,74.05
Pablo-Picasso-Straße,73.87
Gehrenseestraße,73.79
Parchimer Allee,73.79
Rauchstraße,73.14
Blankenfelder Straße,72.87
Großbeerenstraße,72.65
Minna-Todenhagen-Straße,72.61
Wollankstraße,72.58
Straße der Pariser Kommune,72.41
Alt-Tempelhof,72.26
Seeburger Straße,71.3
Lessingstraße,71.2
Schivelbeiner Straße,70.99
Königin-Elisabeth-Straße,70.89
Zepernicker Straße,70.24
Werbellinstraße,70.21
Rennbahnstraße,70.15
Prinzenallee,70.03
Hermsdorfer Straße,69.92
Dörpfeldstraße,69.79
Fürstenbrunner Weg,69.69
Dammweg,69.36
Zwickauer Damm,69.33
Klosterstraße,69.21
Wartenberger Weg,69.03
Gallwitzallee,68.93
Regattastraße,68.91
Altensteinstraße,68.87
Kohlhasenbrücker Straße,68.78
Alter Fischerweg,68.72
Reichpietschufer,68.48
Maximiliankorso,68.26
Eichkampstraße,68.16
Kleiststraße,68.07
Vorarlberger Damm,68.04
Waldstraße,67.84
Dominicusstraße,67.78
Rathenower Straße,67.58
Gerlinger Straße,67.1
Grunerstraße,67.09
Achillesstraße,66.93
Gutschmidtstraße,66.92
Altstädter Ring,66.89
Herzbergstraße,66.73
Eichhorster Weg,66.19
Gleimstraße,66.18
Silbersteinstraße,66.1
Askanierring,65.8
Kohlisstraße,65.78
Zeltinger Straße,65.72
Rathausstraße,65.64
Ortnitstraße,65.59
Levetzowstraße,65.49
Ferdinand-Schultze-Straße,65.27
Groß-Ziethener Straße,65.02
Rahnsdorfer Straße,65.01
Alt-Heiligensee,64.92
Blissestraße,64.77
Pankgrafenstraße,64.66
Am Friedrichshain,64.65
Blankenburger Chaussee,64.55
Späthstraße,64.48
Ordensmeisterstraße,64.29
Egon-Erwin-Kisch-Straße,64.23
Schildower Straße,63.79
Flughafenstraße,63.47
Joachimsthaler Straße,63.44
Ewaldstraße,63.39
Berlepschstraße,62.69
Haselhorster Damm,62.59
Lankwitzer Straße,62.34
Weitlingstraße,62.2
Florastraße,62.16
Josef-Orlopp-Straße,62.03
Hermann-Dorner-Allee,62.02
Arnulfstraße,61.94
Karower Chaussee,61.91
Alt-Stralau,61.55
Eldenaer Straße,61.52
Glienicker Straße,61.3
Wiener Straße,61.15
Friedrichshagener Straße,60.98
Wildenbruchstraße,60.76
Bölschestraße,60.2
Richard-Wagner-Straße,60.15
Laubacher Straße,60.14
Ruschestraße,59.83
Humboldtstraße,59.64
Havemannstraße,59.63
Landsberger Chaussee,59.17
Rudolstädter Straße,59.15
Teilestraße,59.11
Daimlerstraße,59.09
Schwedenstraße,58.95
Rominter Allee,58.8
Hagenstraße,58.68
Amrumer Straße,58.65
Markstraße,58.65
Leonorenstraße,58.59
Falkenseer Damm,58.54
Grünberger Straße,58.5
Kolonnenstraße,58.44
Heinrich-Mann-Straße,58.35
Masurenallee,58.33
Falkentaler Steig,58.31
Wilhelm-Kabus-Straße,58.17
Motardstraße,58.08
Bernhard-Beyer-Straße,58.07
John-Foster-Dulles-Allee,57.92
Vulkanstraße,57.88
Badensche Straße,57.73
Baerwaldstraße,57.43
Malchower Straße,57.23
Huttenstraße,56.83
Spandauer Straße,56.72
Vetschauer Allee,56.6
Seelenbinderstraße,56.58
Tunnel Alexanderplatz,56.5
Wolfener Straße,56.49
Bruno-Baum-Straße,56.43
Kopenhagener Straße,56.34
Treptower Straße,56.31
Bergstraße,56.26
Granitzstraße,56.23
Nürnberger Straße,56.06
Am Niederfeld,55.95
Schillerstraße,55.64
Wendenschloßstraße,55.56
Parkstraße,55.55
Friedrich-Krause-Ufer,55.05
Hallesches Ufer,54.74
Wagner-Régeny-Allee,54.6
Tempelhofer Ufer,54.51
Habelschwerdter Allee,54.29
Ingeborg-Hunzinger-Straße,54.21
Ehrlichstraße,54.19
Bucher Chaussee,53.97
Dahlwitzer Straße,53.59
Giesestraße,53.32
Ellen-Epstein-Straße,53.24
Gartenstraße,52.83
Lahnstraße,52.71
Zingster Straße,52.7
Flatowallee,52.67
Dudenstraße,52.54
Falkenberger Straße,52.46
Böhlener Straße,52.45
Hundekehlestraße,52.43
Tauentzienstraße,52.14
Sömmeringstraße,52.05
Schöneberger Ufer,51.88
Kamenzer Damm,51.79
Rüdersdorfer Straße,51.74
Rhenaniastraße,51.66
Bachstraße,51.49
Fennstraße,51.43
Garystraße,51.36
Eiswerderstraße,51.28
Damerowstraße,51.04
Dohnagestell,51.02
Romain-Rolland-Straße,51
Grünbergallee,50.83
Alt-Lübars,50.69
Burgfrauenstraße,50.61
Bolivarallee,50.53
Germaniastraße,50.52
Schmidt-Knobelsdorf-Straße,50.39
Saargemünder Straße,50.05
Am Kiesteich,49.31
Röblingstraße,49.29
Gürtelstraße,49.27
Marzahner Promenade,49.23
Altonaer Straße,49.22
Akazienallee,49.05
Hohenzollernring,48.86
Verlängerte Waldowallee,48.81
Am Studio,48.27
Pankower Allee,48.14
Prinzenstraße,48.11
Heinersdorfer Straße,47.91
Sophie-Charlotten-Straße,47.77
Poelchaustraße,47.68
Schulenburgstraße,47.49
Falkenhagener Straße,47.4
Pappelallee,47.29
Malchower Chaussee,47.21
Modersohnstraße,47.07
Richard-Tauber-Damm,47.02
Platanenallee,46.99
Putlitzbrücke,46.93
Warnemünder Straße,46.84
Schwanebecker Chaussee,46.3
Hosemannstraße,46.21
Hubertusdamm,46.2
Antonienstraße,45.97
Edisonstraße,45.9
Andreasstraße,45.86
Plauener Straße,45.71
Alt-Mariendorf,45.66
Lutoner Straße,45.59
Bausdorfstraße,45.45
Gehsener Straße,45.42
Rosenthaler Straße,45.37
Paulsternstraße,45.27
Frohnauer Straße,45.16
Wolfensteindamm,45.15
Lepsiusstraße,45.06
Päwesiner Weg,45.06
Fontanestraße,45
Barfusstraße,44.93
Luisenstraße,44.92
Erna-Samuel-Straße,44.9
Föhrer Straße,44.71
Karower Damm,44.69
Lützowstraße,44.61
Französische Straße,44.47
Bethaniendamm,44.37
Oraniendamm,44.21
Elsa-Brändström-Straße,44.19
Sickingenstraße,44.19
Ulmenstraße,44.17
Maulbeerallee,44.09
Güntzelstraße,43.88
Osteweg,43.87
Am Stener Berg,43.74
Gersdorfstraße,43.72
Minna-Todenhagen-Brücke,43.59
Zittauer Straße,43.59
Olivaer Platz,43.56
Pilgramer Straße,43.41
Tunnel Schlangenbader Straße,43.4
Ludwigsfelder Straße,43.29
Einsteinufer,43.03
Carstennstraße,42.93
Kynaststraße,42.93
Liebermannstraße,42.88
Stralauer Straße,42.71
Joachim-Friedrich-Straße,42.46
Borsigdamm,42.06
Conradstraße,42.03
Kaiserstraße,41.89
Gothaer Straße,41.84
Gensinger Straße,41.78
Werneuchener Straße,41.72
Warmensteinacher Straße,41.36
Clauertstraße,41.25
Am Baltenring,40.99
Platz der Luftbrücke,40.87
Axel-Springer-Straße,40.83
Salzufer,40.83
Wiesendamm,40.78
Klemkestraße,40.71
Paulstraße,40.66
Alt-Buckow,40.38
Wagner-Régeny-Straße,40.36
Schorfheidestraße,40.27
Nöldnerstraße,40.24
Conrad-Blenkle-Straße,40.17
Alt-Gatow,40.16
Teichstraße,39.77
Volkradstraße,39.56
Adalbertstraße,39.55
Wernerstraße,39.28
Vincent-van-Gogh-Straße,39.08
Schönblicker Straße,39.07
Olympische Straße,39.03
Straße nach Fichtenau,39.02
Teplitzer Straße,38.96
Gärtnerstraße,38.87
Möckernstraße,38.8
Hochstraße,38.72
Rothenbachstraße,38.69
Aalemannufer,38.65
Mariannenstraße,38.56
Ebertystraße,38.43
Alt-Blankenburg,38.33
Ernst-Barlach-Straße,38.07
Olbersstraße,37.9
Karlshorster Straße,37.85
Giesensdorfer Straße,37.6
Knobelsdorffstraße,37.56
Karl-Heinrich-Ulrichs-Straße,37.54
Trakehner Allee,37.48
Stülerstraße,37.46
Schöneicher Straße,37.43
Woltersdorfer Landstraße,37.34
Friedrich-Wilhelm-Platz,37.29
Bohnsdorfer Weg,37.23
Mühlendamm,37.18
Mariendorfer Weg,37.17
Reinhardtstraße,37.17
Lise-Meitner-Straße,37.1
Quedlinburger Straße,36.99
Am Eichenhain,36.64
Nachodstraße,36.57
Janusz-Korczak-Straße,36.54
Harzer Straße,36.52
Alt-Karow,36.49
Lückstraße,36.39
Piesporter Straße,36.23
Stralauer Platz,36.22
Rosa-Luxemburg-Straße,35.85
Stahlheimer Straße,35.84
Lützowplatz,35.75
Klosterbuschweg,35.68
Neuköllnische Allee,35.6
Am Zeppelinpark,35.48
Grumbkowstraße,35.4
Katzbachstraße,35.34
Ribnitzer Straße,35.19
Schlichtallee,35.02
Lorenzstraße,34.91
Neue Späthstraße,34.86
Spichernstraße,34.84
Wiebestraße,34.84
Engeldamm,34.65
Wühlischstraße,34.62
Fulhamer Allee,34.39
Pannierstraße,34.35
Nossener Straße,34.34
Minna-Cauer-Straße,34.24
Suarezstraße,33.96
Tautenburger Straße,33.96
Alfred-Kowalke-Straße,33.82
Heinrich-Heine-Straße,33.72
Kemberger Straße,33.7
Preysingstraße,33.49
Berkaer Straße,33.34
Veitstraße,33.2
Donizettistraße,33.17
Friedenfelser Straße,33.04
Gotzkowskystraße,33
Seesener Straße,32.6
Marzahner Straße,32.58
Ostendstraße,32.5
Jean-Jaurès-Straße,32.42
Eberswalder Straße,32.34
Jesse-Owens-Allee,32.26
Komturstraße,32.26
Kisselnallee,32.24
Glinkastraße,32.15
Max-Dohrn-Straße,32.1
Paul-Schneider-Straße,32.05
Pallasstraße,31.99
Markgrafendamm,31.93
Straße vor Schönholz,31.86
Theodor-Heuss-Platz,31.75
Marchstraße,31.63
Blasewitzer Ring,31.59
Am Steinberg,31.58
Alt-Buch,31.57
Bentschener Weg,31.53
Friesenstraße,31.41
Apollofalterallee,31.27
Gustav-Meyer-Allee,31.18
Saarstraße,30.97
Habichtstraße,30.94
Drusenheimer Weg,30.86
Franzensbader Straße,30.74
Weißenhöher Straße,30.72
Grottkauer Straße,30.65
Cauerstraße,30.62
Lützowufer,30.49
Simon-Bolivar-Straße,30.42
Morgensternstraße,30.29
Müggelschlößchenweg,30.26
Hannoversche Straße,30.19
Gosener Damm,30.12
Hamburger Straße,30.02
Einbecker Straße,29.95
Oderbruchstraße,29.94
Tunnelstraße,29.88
Wismarer Straße,29.8
Bergiusstraße,29.69
Feuerbachstraße,29.53
Strausberger Platz,29.48
Annenstraße,29.38
Alt-Müggelheim,29.21
Behrenstraße,29.17
Bleicheroder Straße,29.17
Am Feuchten Winkel,29.03
Wassersportallee,29.01
Proskauer Straße,28.96
Goerdelerdamm,28.78
Schlesische Straße,28.75
Elsenbrücke,28.73
Neue Kreisstraße,28.57
Brümmerstraße,28.43
Kapweg,28.42
Sellerstraße,28.38
Kottbusser Straße,28.09
Helmholtzstraße,27.99
Löhleinstraße,27.89
Gaußstraße,27.54
Blankenburger Weg,27.49
Thaerstraße,27.49
Galenstraße,27.39
Neues Ufer,27.2
Schönholzer Straße,27.01
Schichauweg,26.95
An der Urania,26.84
Marktstraße,26.79
Klingelhöferstraße,26.74
Südstern,26.6
Scheffelstraße,26.56
Hugo-Cassirer-Straße,26.46
Bulgarische Straße,26.4
Neue Filandastraße,26.37
Dorfplatz,26.28
Filandastraße,26.23
Pichelswerderstraße,26.17
Neue Grottkauer Straße,26.01
Belßstraße,25.99
Rudi-Dutschke-Straße,25.96
Bundesstraße 2,25.93
Wodanstraße,25.83
Haberstraße,25.81
Wasserstadtbrücke,25.79
Nüßlerstraße,25.75
Reißeckstraße,25.66
Exerzierstraße,25.36
Holtzendorffstraße,25.27
Alemannenstraße,25.21
Zeltinger Platz,25.09
Skandinavische Straße,25.08
Nauener Straße,25.04
Halskestraße,24.98
Feldtmannstraße,24.96
Bundesplatztunnel,24.81
Friedrich-Karl-Straße,24.69
Edelweißstraße,24.64
Franklinstraße,24.62
Elisabethstraße,24.61
An der Putlitzbrücke,24.58
Rosenfelder Straße,24.54
Alarichstraße,24.52
Schätzelbergstraße,24.51
Schmiljanstraße,24.5
Marienstraße,24.35
Goebenstraße,24.23
Hofjägerallee,24.21
Adamstraße,24.19
Wintersteinstraße,24.1
Pablo-Neruda-Straße,24.07
Ottomar-Geschke-Straße,24.05
Breitenbachplatz,24.04
Hermannplatz,24.01
Mierendorffplatz,23.96
Teltower Straße,23.78
Alt Treptow,23.65
Liesenstraße,23.63
Ben-Gurion-Straße,23.53
Osnabrücker Straße,23.49
Planitzstraße,23.44
Alboinplatz,23.32
Luisenplatz,23.21
Spreeweg,23.19
Fehrbelliner Platz,23.04
Heesestraße,22.96
Potsdamer Platz,22.89
Nennhauser Damm,22.35
Treskowstraße,22.26
Atzpodienstraße,22.21
Hertzstraße,22.21
Fasanenstraße,22.1
Glogauer Straße,21.99
Großer Stern,21.84
Brigittenweg,21.71
Spreestraße,21.62
Liebenwalder Straße,21.6
Warschauer Brücke,21.46
Drontheimer Straße,21.42
Ella-Barowsky-Straße,21.37
Seehausener Straße,21.26
Kurt-Schumacher-Platz,21.25
Am Hohen Feld,21.05
Ludolfingerplatz,20.99
Richterstraße,20.93
Röländer Straße,20.93
Rüdigerstraße,20.92
Hedwig-Dohm-Straße,20.86
Neheimer Straße,20.85
Ernst-Reuter-Platz,20.34
Gertraudenstraße,20.31
Stiftsweg,20.21
Menzelstraße,20.17
Kulmer Straße,19.82
Scheidemannstraße,19.82
Knausstraße,19.81
Sylter Straße,19.7
Thulestraße,19.68
Brückenstraße,19.67
Nollendorfplatz,19.58
An den Treptowers,18.96
Oberbaumstraße,18.93
Weichselstraße,18.85
Prendener Straße,18.82
Hannah-Arendt-Straße,18.79
Heinrich-Mann-Platz,18.76
Seeburger Weg,18.53
Siriusstraße,18.49
Zimmermannstraße,18.2
Lange Brücke,18.13
Weiskopffstraße,17.67
Eichelhäherstraße,17.59
Weskammstraße,17.5
Irenenstraße,17.46
Robert-Uhrig-Straße,17.4
Kopernikusstraße,17.34
Rahel-Hirsch-Straße,17.31
Wallstraße,17.21
Dillenburger Straße,17.2
Bruno-Taut-Straße,17.16
Cosmarweg,17.14
Lloyd-G.-Wells-Straße,17.1
Seddiner Straße,17.07
Nordufer,17.02
Weißenburger Straße,16.91
Wedekindstraße,16.77
Rügener Straße,16.68
Hertastraße,16.63
Lübener Weg,16.44
Königsweg,16.36
Otternbuchtstraße,16.23
Koloniestraße,16.16
Falkenseer Platz,16.15
Alfredstraße,16.09
Anhalter Straße,15.83
Veteranenstraße,15.82
Passenheimer Straße,15.75
Kapelle-Ufer,15.57
Beeskowdamm,15.51
Erkstraße,15.4
Kleine Eiswerderstraße,15.31
Stabholzgarten,15.27
Igo-Etrich-Straße,15.15
Bäkestraße,15.14
Wilhelm-Spindler-Brücke,15
Zechliner Straße,14.99
Myslowitzer Straße,14.97
Wassertorplatz,14.85
Fehlingstraße,14.72
Memhardstraße,14.67
Michaelkirchstraße,14.59
Universitätsstraße,14.56
Mierendorffstraße,14.55
Wilmersdorfer Tunnel,14.52
Münzstraße,14.4
Werner-Voß-Damm,14.39
Bellevuestraße,14.35
Kressenweg,14.29
Kirschweg,14.16
Tunnel am Adenauerplatz,14.15
Holteistraße,14.06
Schillstraße,14.02
Böttgerstraße,13.96
Benschallee,13.84
Friedrichsberger Straße,13.83
Spandauer-See-Brücke,13.83
Moritzstraße,13.78
Gustav-Böß-Straße,13.77
Frundsbergstraße,13.75
Bernstorffstraße,13.73
Schönower Straße,13.51
Blanckertzweg,13.46
Anna-Louisa-Karsch-Straße,13.43
Von-der-Heydt-Straße,13.32
Bersarinplatz,13.25
Tucholskystraße,13.25
Wupperstraße,13.25
August-Froehlich-Straße,13.23
Scheringstraße,13.05
Singerstraße,12.91
Bitterfelder Brücke,12.86
Zanderstraße,12.86
Jakob-Kaiser-Platz,12.81
Maßmannstraße,12.6
Hussitenstraße,12.44
Zehrensdorfer Straße,12.39
Steubenplatz,12.36
Ferdinand-Friedensburg-Platz,12.34
Salvador-Allende-Brücke,12.26
Neue Roßstraße,12.25
Schäferstraße,12.2
Uckermarkstraße,12.19
Benno-König-Straße,12.15
Konrad-Adenauer-Straße,12.03
Wiesenstraße,12
Geschwister-Scholl-Straße,11.78
Alte Kaulsdorfer Straße,11.73
Köllnischer Platz,11.69
Yitzhak-Rabin-Straße,11.62
Louise-Schroeder-Platz,11.55
Beusselbrücke,11.52
Dorotheenstraße,11.41
Stresowstraße,11.41
Waterloo-Ufer,11.36
Karl-Kunger-Straße,11.34
Inselstraße,11.3
An der Spandauer Brücke,11.27
Oberbaumbrücke,11.25
Weinmeisterstraße,11.25
Wittenbergplatz,11.2
Neue Bahnhofstraße,11.13
Stubenrauchbrücke,11.12
Schottstraße,11.03
Jörsstraße,11.01
Fischerinsel,11
Lebuser Straße,10.93
Schönholzer Weg,10.72
Schorlemerallee,10.62
Am Bahnhof Spandau,10.58
Pastor-Niemöller-Platz,10.49
Franz-Mehring-Platz,10.46
Mirbachplatz,10.44
Werderscher Markt,10.39
Lübecker Straße,10.33
Otto-von-Bismarck-Allee,10.3
Schulzendorfer Straße,10.15
Grabensprung,10.12
Appenzeller Straße,9.93
Lennéstraße,9.92
Schloßplatz,9.89
Kochstraße,9.84
Heinrich-von-Gagern-Straße,9.78
Kottbusser Tor,9.76
Falkenhagener Tor,9.74
Südliche Rhinstraßenbrücke,9.72
Heinrich-Grüber-Platz,9.7
Julie-Wolfthorn-Straße,9.61
Karwendelstraße,9.6
Melanchthonplatz,9.47
Tunnel Alt-Friedrichsfelde,9.42
Krugstege,9.38
Lemkestraße,9.07
Lessingbrücke,9.06
Monbijouplatz,9.02
Giersstraße,8.94
Tegeler Brücke Provisorium,8.94
Burgstraße,8.64
Spittelmarkt,8.63
Luzerner Straße,8.6
Sandstraße,8.58
Nordhafenbrücke,8.49
Platz am Wilden Eber,8.4
Fritz-Reuter-Straße,8.39
Treskowbrücke,8.37
Goltzstraße,8.33
Kynastbrücke,8.27
Herthaplatz,8.2
Paul-Löbe-Allee,7.75
Heinrich-Heine-Platz,7.74
Friedenauer Brücke,7.71
Pohleseestraße,7.63
Kurfürstendammbrücke,7.52
Buddestraße,7.39
Caroline-Michaelis-Straße,7.39
Leipziger Platz,7.3
Hamburger Platz,7.18
Godbersenstraße,7.16
Annemarie-Renger-Straße,7.15
Vor dem Schlesischen Tor,7.08
Fehrbelliner Tor,6.96
Dovestraße,6.81
Michaelkirchplatz,6.81
Jannowitzbrücke,6.66
Charlottenstraße,6.4
Föhrer Brücke,6.31
John-F.-Kennedy-Platz,6.31
Herkulesbrücke,6.23
Kranoldplatz,6.2
Reichweindamm,6.15
Massantebrücke,5.97
Alice-Salomon-Platz,5.92
Maximilian-Kaller-Straße,5.91
Gehrenseebrücke,5.89
An der Schillingbrücke,5.85
Rathenauplatz,5.75
Cimbernstraße,5.72
Fehrbelliner Straße,5.66
Klingenbergbrücke,5.52
Schulenburgbrücke,5.52
Müller-Breslau-Straße,5.49
Mehringbrücke,5.47
Mauerstraße,5.41
Paulsborner Brücke,5.38
Kolonnenbrücke,5.35
Friedrich-List-Ufer,5.33
Neue Hochstraße,5.25
Hessische Straße,5.21
Hansabrücke,5.19
An den Achterhöfen,5.18
Landsberger Allee Brücke,5.14
Alte Jafféstraße,5.13
Platz vor dem Neuen Tor,5.1
Götelstraße,5.09
An der Michaelbrücke,5.06
Am Bahndamm,5.02
Wilhelmplatz,4.92
George-C.-Marshall-Brücke,4.9
Lossebergplatz,4.9
Rohrdammbrücke,4.86
Koppenstraße,4.78
Molkenmarkt,4.78
Normannenstraße,4.71
Feuerbachbrücke,4.69
Kiebitzgrund,4.67
Schloßbrücke,4.66
Wegedornbrücke,4.65
Kracauerplatz,4.58
Potsdamer Brücke,4.54
Roederplatz,4.53
Hugo-Preuß-Brücke,4.47
Charlottenbrücke,4.45
Glienicker Brücke,4.4
Sickingenbrücke,4.37
Kaiserin-Augusta-Brücke,4.25
Wismarplatz,4.2
Onkel-Tom-Straßen-Brücke,4.05
Hackescher Markt,4.04
Modersohnbrücke,3.98
Witzlebenstraße,3.88
Am Oberbaum,3.76
Amtsgerichtsplatz,3.76
Michaelbrücke,3.71
Sophie-Charlotte-Platz,3.69
Robert-Koch-Platz,3.64
Spektebrücke,3.63
Germelmannbrücke,3.62
Oppelner Straße,3.62
Rio-Reiser-Platz,3.55
Lerschpfad,3.51
Komturbrücke,3.5
Richard-von-Weizsäcker-Platz,3.42
Schillingbrücke,3.42
Sandkrugbrücke,3.4
Marschallbrücke,3.37
Gotzkowskybrücke,3.36
An der Schule,3.28
Jacques-Offenbach-Platz,3.25
Hermann-Gladenbeck-Brücke,3.23
Borsigdamm Brücke,3.13
Goerdelerdammbrücke,3.12
Frohnauer Brücke,3.01
Techowbrücke,3
Bergmannstraße,2.99
Bundesplatz,2.95
Böckmannbrücke,2.92
Ebertsbrücke,2.88
Thaerstraßenbrücke,2.86
Loeperplatz,2.85
Thielenbrücke,2.84
Warmbrunner Straße,2.83
Hinckeldeybrücke,2.79
Prinzregent-Ludwig-Brücke,2.78
Rosenthaler Platz,2.75
Zossener Brücke,2.75
Tangermünder Straße,2.73
Corneliusbrücke,2.71
Thuner Platz,2.71
Altglienicker Brücke,2.67
Lankwitzer Brücke,2.55
Bismarckplatz,2.53
Zinnowitzer Straße,2.51
Fennbrücke,2.49
Eugen-Kleine-Brücke,2.4
Kemperplatz,2.39
Falckensteinstraße,2.33
Leuschnerdamm,2.32
Borussenstraße,2.3
Hochstraßenbrücke,2.29
Sellheimbrücke,2.15
Dahlemer-Weg-Brücke,2.04
Sandhauser Brücke,2.04
Britzer Brücke,1.97
Walther-Schreiber-Platz,1.97
Kleine Präsidentenstraße,1.95
Gosener Brücke,1.94
Möckernbrücke,1.93
Buschkrugbrücke,1.9
Hohenschönhausener Rhinstraßenbrücke,1.85
Zehlendorfer Damm,1.8
Kleine Eiswerderbrücke,1.77
Olympischer Platz,1.75
Alt-Kladow,1.74
Kiefheider Weg,1.69
Fanny-Zobel-Brücke,1.67
Am Müggelpark,1.64
Rendsburger Brücke,1.62
Schöneberger Brücke,1.62
Kottbusser Brücke,1.61
Fahlenbergbrücke,1.54
Lentzeallee,1.48
Pyramidenbrücke,1.42
Badbrücke,1.41
Gartenfelder Brücke,1.33
Nördliche Rhinstraßenbrücke,1.27
Zimmermannstraßenbrücke,1.27
Neuköllnische Brücke,1.25
Treptower Brücke,1.24
Baerwaldbrücke,1.16
Eichhornstraße,1.12
Pankgrafenbrücke,1.1
Roßstraßenbrücke,1.08
Wuhlgartenweg,1.08
Frankfurter Brücke,1
Knesebeckbrücke,0.97
Boetticherstraße,0.95
Wielandstraße,0.95
Neue Schönhauser Straße,0.94
Schleusenbrücke,0.94
Hobrechtsfelder Dorfstraße,0.88
Giesebrechtstraße,0.86
Gustav-Holzmann-Straße,0.86
Stargarder Straße,0.79
Alte Schönhauser Straße,0.77
Klopstockstraße,0.77
Preußstraße,0.74
Ehrenbergstraße,0.73
Riemeisterstraße,0.71
Bahnhofstraßenbrücke,0.68
Haßlingerweg,0.67
Imbuschweg,0.65
Bauhüttenweg,0.63
Chaussee­-straßenbrücke,0.63
Am Kornfeld,0.62
Hoppegartener Straße,0.6
Märkisches Ufer,0.58
Otto-Franke-Straße,0.58
Südendstraße,0.49
Westphalweg,0.47
Prinzessinnenstraße,0.42
Rufacher Weg,0.38
Wallbrücke,0.34
Schönholzer Brücke,0.31
Stellingdamm,0.31
Rudolf-Breitscheid-Straße,0.05
Altglienicker Chaussee,0
Heinrich-Heine-Promenade,0
Lichterfelder Allee,0
